,고객이름,지역,등록일
0,김현성,H시,2018-01-04 00:00:00
1,김도윤,E시,2017-02-18 00:00:00
2,김지한,A시,2018-01-07 00:00:00
3,김하윤,F시,2017-05-19 00:00:00
4,김시온,E시,2018-01-29 00:00:00
5,김예성,A시,2017-06-20 00:00:00
6,김하람,H시,2018-06-11 00:00:00
7,김호준,B시,2017-05-19 00:00:00
8,김지완,G시,2018-02-12 00:00:00
9,김주호,G시,2017-07-05 00:00:00
10,김재원,E시,2018-03-31 00:00:00
11,김승민,A시,2017-04-22 00:00:00
12,김준형,C시,2018-03-09 00:00:00
13,김동건,D시,2017-03-13 00:00:00
14,김준서,E시,2018-01-24 00:00:00
15,김수혁,G시,2017-06-09 00:00:00
16,김진우,D시,2018-05-02 00:00:00
17,김윤호,G시,2017-02-05 00:00:00
18,김윤서,H시,2018-07-10 00:00:00
19,김준희,H시,2017-07-08 00:00:00
20,김윤우,A시,2018-03-12 00:00:00
21,김동우,A시,2017-07-06 00:00:00
22,김성빈,H시,2018-02-28 00:00:00
23,김태준,E시,2017-05-16 00:00:00
24,김태경,D시,2018-01-29 00:00:00
25,김승후,C시,2017-03-17 00:00:00
26,김현우,C시,2018-06-28 00:00:00
27,김서준,C시,2017-06-17 00:00:00
28,김주원,C시,2018-05-21 00:00:00
29,김태인,F시,2017-03-12 00:00:00
30,김승준,E시,2018-07-01 00:00:00
31,김윤재,H시,2017-01-30 00:00:00
32,김수민,A시,2018-02-06 00:00:00
33,김승훈,C시,2017-01-30 00:00:00
34,김하준,H시,2018-04-21 00:00:00
35,김하율,F시,2017-04-01 00:00:00
36,김우찬,C시,2018-04-07 00:00:00
37,김준성,D시,2017-07-28 00:00:00
38,김준혁,A시,2018-05-09 00:00:00
39,김승찬,B시,2017-02-19 00:00:00
40,김현승,A시,2018-01-08 00:00:00
41,김지운,E시,2017-07-10 00:00:00
42,김성민,A시,2018-02-06 00:00:00
43,김지호,D시,2017-06-16 00:00:00
44,김우준,D시,2018-05-22 00:00:00
45,김승빈,G시,2017-07-07 00:00:00
46,김재민,D시,2018-02-02 00:00:00
47,김태민,H시,2017-01-08 00:00:00
48,김주혁,C시,2018-02-22 00:00:00
49,김정원,H시,2017-07-15 00:00:00
50,김하랑,E시,2018-01-11 00:00:00
51,김지우,G시,2017-04-11 00:00:00
52,김예준,C시,2018-07-22 00:00:00
53,김주영,E시,2017-04-10 00:00:00
54,김민석,A시,2018-05-13 00:00:00
55,김유빈,C시,2017-01-07 00:00:00
56,김시훈,E시,2018-07-23 00:00:00
57,김동현,C시,2017-05-30 00:00:00
58,김라온,F시,2018-07-29 00:00:00
59,김은우,E시,2017-01-04 00:00:00
60,김민재,B시,2018-05-15 00:00:00
61,김준후,B시,2017-04-18 00:00:00
62,김현서,C시,2018-07-28 00:00:00
63,김서후,A시,2017-05-23 00:00:00
64,김재현,D시,2018-07-22 00:00:00
65,김유준,D시,2017-04-04 00:00:00
66,김찬우,F시,2018-07-16 00:00:00
67,김도현,A시,2017-03-04 00:00:00
68,김상민,H시,2018-02-24 00:00:00
69,김재영,G시,2017-06-19 00:00:00
70,김하진,C시,2018-05-18 00:00:00
71,김범준,F시,2017-01-06 00:00:00
72,김우진,H시,2018-05-14 00:00:00
73,김지훈,A시,2017-06-02 00:00:00
74,김시윤,F시,2018-03-24 00:00:00
75,김강민,G시,2017-06-08 00:00:00
76,김지성,A시,2018-03-31 00:00:00
77,김윤찬,C시,2017-04-06 00:00:00
78,김민호,F시,2018-07-09 00:00:00
79,김윤성,F시,2017-03-03 00:00:00
80,김지후,D시,2018-01-12 00:00:00
81,김현진,H시,2017-07-13 00:00:00
82,김태양,A시,2018-03-11 00:00:00
83,김대현,H시,2017-01-30 00:00:00
84,김재준,A시,2018-02-21 00:00:00
85,김민건,F시,2017-02-14 00:00:00
86,김도경,H시,2018-06-13 00:00:00
87,김지민,F시,2017-05-23 00:00:00
88,김은호,H시,2018-05-22 00:00:00
89,김민혁,A시,2017-05-13 00:00:00
90,김민찬,B시,2018-03-13 00:00:00
91,김승원,C시,2017-05-17 00:00:00
92,김정현,G시,2018-03-29 00:00:00
93,김승유,A시,2017-04-27 00:00:00
94,김세현,C시,2018-03-17 00:00:00
95,김승윤,F시,2017-03-25 00:00:00
96,김이준,B시,2018-02-10 00:00:00
97,김경민,E시,2017-07-05 00:00:00
98,김정훈,D시,2018-07-30 00:00:00
99,김성우,E시,2017-06-01 00:00:00
100,김은율,C시,2018-05-03 00:00:00
101,김도훈,F시,2017-06-12 00:00:00
102,김태현,B시,2018-02-13 00:00:00
103,김주안,G시,2017-05-05 00:00:00
104,김동욱,A시,2018-07-04 00:00:00
105,김재훈,D시,2017-03-23 00:00:00
106,김도율,C시,2018-01-26 00:00:00
107,김예찬,B시,2017-07-03 00:00:00
108,김태훈,A시,2018-01-06 00:00:00
109,김준석,F시,2017-03-04 00:00:00
110,김원준,A시,2018-03-08 00:00:00
111,김민준,H시,2017-07-01 00:00:00
112,김은찬,H시,2018-03-24 00:00:00
113,김영준,A시,2017-01-23 00:00:00
114,김주한,D시,2018-06-05 00:00:00
115,김현수,E시,2017-04-07 00:00:00
116,김건희,B시,2018-01-21 00:00:00
117,김규민,F시,2017-01-08 00:00:00
118,김재혁,G시,2018-01-31 00:00:00
119,김승재,C시,2017-02-12 00:00:00
120,김정후,G시,2018-05-07 00:00:00
121,김성현,C시,2017-04-09 00:00:00
122,정영훈,A시,2018-04-18 00:00:00
123,김민우,B시,2017-01-05 00:00:00
124,김주환,B시,2018-05-02 00:00:00
125,김준호,G시,2017-02-20 00:00:00
126,김준우,C시,2018-06-25 00:00:00
127,김시율,F시,2017-07-15 00:00:00
128,김도하,G시,2018-02-17 00:00:00
129,김규현,F시,2017-03-21 00:00:00
130,김주현,B시,2018-03-08 00:00:00
131,김정민,B시,2017-07-01 00:00:00
132,김건우,G시,2018-04-24 00:00:00
133,정도형,A시,2017-04-13 00:00:00
134,김연준,A시,2018-07-29 00:00:00
135,김강현,D시,2017-06-07 00:00:00
136,김태우,F시,2018-06-18 00:00:00
137,김지율,B시,2017-03-15 00:00:00
138,김지용,B시,2018-07-21 00:00:00
139,김지오,F시,2017-05-27 00:00:00
140,김수호,C시,2018-04-14 00:00:00
141,김가온,C시,2017-01-26 00:00:00
142,김유찬,A시,2018-06-19 00:00:00
143,김상현,G시,2017-03-26 00:00:00
144,김시완,A시,2018-05-20 00:00:00
145,김도원,A시,2017-03-29 00:00:00
146,김시우,H시,2018-05-19 00:00:00
147,김은성,G시,2017-02-18 00:00:00
148,김성윤,F시,2018-03-05 00:00:00
149,김우빈,D시,2017-07-20 00:00:00
150,김준수,E시,2018-02-17 00:00:00
151,김연호,E시,2017-02-07 00:00:00
152,정우석,B시,2018-06-16 00:00:00
153,김민규,B시,2017-06-13 00:00:00
154,김태영,D시,2018-06-17 00:00:00
155,김은혁,E시,2017-01-21 00:00:00
156,김준영,E시,2018-03-08 00:00:00
157,김지환,C시,2017-03-23 00:00:00
158,김서진,G시,2018-06-29 00:00:00
159,김서윤,G시,2017-01-30 00:00:00
160,김하민,E시,2018-05-12 00:00:00
161,김현준,E시,2017-07-02 00:00:00
162,김승현,F시,2018-05-20 00:00:00
163,김우영,D시,2017-04-12 00:00:00
164,김재윤,C시,2018-02-23 00:00:00
165,김한결,C시,2017-02-18 00:00:00
166,김우주,A시,2018-03-04 00:00:00
167,김지혁,A시,2017-03-29 00:00:00
168,김민서,B시,2018-07-02 00:00:00
169,김찬영,C시,2017-06-28 00:00:00
170,김시환,F시,2018-05-27 00:00:00
171,김수현,E시,2017-02-22 00:00:00
172,김서율,G시,2018-03-24 00:00:00
173,정준기,B시,2017-02-05 00:00:00
174,김성훈,B시,2018-01-09 00:00:00
175,김시호,H시,2017-06-12 00:00:00
176,김재호,C시,2018-02-14 00:00:00
177,김재우,D시,2017-04-14 00:00:00
178,김동하,F시,2018-03-15 00:00:00
179,김우현,C시,2017-01-10 00:00:00
180,김민기,G시,2018-07-19 00:00:00
181,김승환,B시,2017-05-23 00:00:00
182,김다온,A시,2018-05-01 00:00:00
183,김승우,B시,2017-07-26 00:00:00
184,김성준,H시,2018-05-24 00:00:00
185,김승호,F시,2017-04-08 00:00:00
186,김승주,E시,2018-07-15 00:00:00
187,김태윤,E시,2017-05-09 00:00:00
188,김민수,D시,2018-07-22 00:00:00
189,김현민,D시,2017-07-30 00:00:00
190,김유진,B시,2018-06-14 00:00:00
191,김지안,B시,2017-01-28 00:00:00
192,김현석,H시,2018-06-10 00:00:00
193,김선우,H시,2017-05-05 00:00:00
194,김지원,H시,2018-02-27 00:00:00
195,김재희,G시,2017-06-20 00:00:00
196,김도영,E시,2018-06-20 00:00:00
197,김이안,F시,2017-04-29 00:00:00
198,김시현,H시,2019-04-19 00:00:00
199,김서우,D시,2019-04-23 00:00:00
